date,time,pred,actual
2022-02-05,09:00:00,453.5803018741176,8.056666666666667
2022-02-05,11:00:00,522.965297658085,519.2491666666666
2023-03-22,12:00:00,1366.370274863253,1518.3458333333335
2022-07-24,17:00:00,871.5352699571498,344.835
2022-09-19,08:00:00,6609.104423939748,3740.240833333333
2022-07-26,17:00:00,1071.7009486391744,1160.025
2022-05-12,04:00:00,938.534394316555,1082.7041666666669
2023-03-27,05:00:00,546.291927465613,94.105
2022-12-23,08:00:00,190.1354253477186,521.5033333333333
2022-07-09,12:00:00,6849.713337050932,8719.699166666667
2022-07-28,10:00:00,5791.3703488672345,8265.585833333333
2022-05-30,12:00:00,7984.977788716585,6668.173333333333
2022-06-02,11:00:00,3698.560795128095,4932.639166666667
2022-07-17,12:00:00,5140.0228711001055,6294.060833333333
2023-03-28,11:00:00,10112.533940076595,5211.218333333333
2022-05-28,07:00:00,8420.90545376168,6142.338333333333
2022-04-24,16:00:00,1036.8951770213223,841.8266666666667
2022-07-16,09:00:00,10216.345005872232,13901.1775
2023-03-22,05:00:00,300.9696758504026,128.5625
2023-03-25,05:00:00,369.5222318332651,6.89
2022-10-05,07:00:00,1701.175367979258,1549.8233333333335
2022-04-09,11:00:00,7974.48353993449,14580.845833333333
2022-08-22,10:00:00,9766.396769911886,8693.466666666667
2022-01-04,12:00:00,806.3657110211878,966.2825
2022-09-16,16:00:00,225.67019052018097,0.17
2022-02-08,12:00:00,1321.0613616964995,649.9333333333333
2023-04-12,14:00:00,6454.264988813237,3536.81
2022-07-24,12:00:00,5642.05767628873,4620.492499999999
2022-01-24,12:00:00,627.6928358601264,1215.2458333333334
2022-06-01,13:00:00,10228.701960912986,8592.098333333333
2022-04-07,08:00:00,3027.1621234029594,2681.0125000000003
2022-10-20,09:00:00,6306.059524152406,5548.205000000001
2022-09-22,12:00:00,7144.053078709014,3258.19
2022-06-03,15:00:00,4322.134775404608,1585.9708333333335
2022-09-29,12:00:00,3789.4353244651857,1548.9441666666664
2023-01-29,12:00:00,642.196234058304,569.9616666666667
2022-06-04,09:00:00,12735.037005522796,2633.1991666666668
2022-04-08,10:00:00,6307.407073500307,6789.894166666666
2023-03-11,07:00:00,2401.638093490544,3347.205
2023-04-11,12:00:00,13365.811126902508,17710.71
2023-03-13,15:00:00,330.7129303348346,625.0
2022-01-28,08:00:00,580.3172268822611,187.89
2022-02-25,10:00:00,3625.0623294855914,2661.0
2022-06-18,09:00:00,4817.777875590359,3812.575833333334
2022-08-30,10:00:00,3464.666021743016,4110.435
2022-05-25,16:00:00,3157.532140788081,1599.7383333333337
2022-02-22,14:00:00,605.6143197852717,728.7416666666667
2022-02-20,12:00:00,3829.0599435900353,2422.9991666666665
2022-07-26,10:00:00,7837.908490683013,6014.1483333333335
2022-05-07,14:00:00,2404.626589562401,1122.2883333333332
2022-06-20,07:00:00,8396.103699095578,7056.901666666668
2022-02-16,14:00:00,292.0103532206925,259.7975
2022-09-17,09:00:00,6283.356007854266,2933.5316666666663
2022-01-20,13:00:00,510.6207297329317,427.6208333333333
2022-07-23,09:00:00,10799.289405460077,9016.0025
2022-07-10,03:00:00,1168.39347245607,1520.2983333333334
2023-02-11,08:00:00,944.8078731066277,1391.2958333333331
2022-10-01,13:00:00,5214.13976709226,9203.764166666666
2022-07-19,09:00:00,11701.241019820263,10662.655833333334
2022-07-14,10:00:00,12847.471732071488,18719.595
2023-06-04,05:00:00,3390.6301096915363,6231.469166666667
2022-05-29,05:00:00,4687.015618087966,6287.197499999999
2022-10-10,12:00:00,4279.51649635178,6761.755
2022-06-02,13:00:00,4830.909609869601,3127.500833333333
2022-05-26,09:00:00,9174.061883062,18466.924166666668
2022-12-04,08:00:00,422.2821260452301,175.72333333333336
2022-09-18,11:00:00,6763.1153017716815,10183.265833333331
2022-01-31,11:00:00,264.86514101806506,206.15583333333333
2022-04-03,10:00:00,16781.9010859632,23939.565
2023-03-30,06:00:00,2319.281112116593,4275.343333333333
2022-10-20,12:00:00,5649.678186051354,7379.9775
2022-06-20,09:00:00,14108.708085604676,9008.789166666667
2022-04-05,13:00:00,2374.417314786804,2121.1441666666665
2022-04-05,15:00:00,1274.2477294388736,1419.7166666666665
2022-10-04,08:00:00,2017.045246167375,3532.5141666666664
2022-03-08,08:00:00,1370.3976062057843,1048.585
2022-07-16,03:00:00,1118.3288266889954,1029.0283333333334
2022-09-17,14:00:00,5559.660163771776,8703.865833333333
2022-01-30,13:00:00,572.4933507251233,816.505
2023-04-29,13:00:00,11339.099748784629,11142.1275
2023-02-17,13:00:00,604.5679356678904,506.12
2022-05-01,14:00:00,10100.45883126883,7663.316666666667
2022-10-21,09:00:00,4032.458303606492,4846.989166666667
2022-09-22,08:00:00,6909.778341145191,6906.105833333334
2022-09-16,13:00:00,6230.457890572203,9352.250833333334
2022-01-20,09:00:00,858.952102690385,1249.9675
2022-07-08,05:00:00,2020.5977651128755,1470.6933333333334
2022-09-16,14:00:00,5089.151908731114,3442.7450000000003
2022-08-08,15:00:00,4301.713644020064,6473.1125
2022-09-16,12:00:00,5247.003154755004,10003.795833333334
2023-03-26,10:00:00,4106.13457442983,2269.6341666666667
2022-09-17,07:00:00,4088.2373429783074,7912.6025
2023-01-16,12:00:00,241.5091950004309,435.015
2022-06-18,11:00:00,3003.924992148404,2319.6725
2022-09-29,14:00:00,840.7978889433193,891.5916666666667
2022-01-30,10:00:00,971.2026232484052,1226.743333333333
2022-06-02,12:00:00,6522.397017633456,5873.12
2022-01-31,12:00:00,293.3766733496326,111.65416666666664
2022-09-19,14:00:00,3017.42435358661,8104.675833333334
2022-10-06,10:00:00,2754.605063391341,8828.505833333333
2023-03-04,13:00:00,862.4798077703381,226.8333333333333
2022-05-14,08:00:00,7713.139937569716,9153.1475
2022-02-24,07:00:00,1226.154219219247,1585.7166666666665
2022-09-29,05:00:00,342.20405749343564,1123.2141666666666
2022-04-29,14:00:00,12096.709705104968,13775.308333333332
2023-02-17,09:00:00,1247.2544113755464,1214.1166666666666
2022-02-06,10:00:00,1101.7260545611646,706.0683333333333
2022-05-19,07:00:00,9653.063358127289,14991.158333333333
2022-10-14,08:00:00,3258.17748800395,2943.349166666667
2022-05-28,08:00:00,6195.35618635463,1979.8858333333333
2022-05-31,14:00:00,3499.8922597796386,3983.78
2022-07-08,04:00:00,1893.457299105908,1208.5958333333333
2022-08-24,13:00:00,3909.599625500711,1571.8658333333333
2022-05-01,12:00:00,12007.142797712258,3061.1108333333336
2022-03-30,14:00:00,5517.408946345506,6958.158333333334
2022-05-30,17:00:00,1067.6082038967786,263.6066666666666
2023-02-19,15:00:00,0.0,28.058333333333334
2022-11-20,10:00:00,216.24339982622848,379.1925
2022-04-10,05:00:00,1283.1794900542363,2020.253333333333
2022-02-14,15:00:00,31.010666111572423,14.148333333333332
2022-09-18,08:00:00,9404.075555859556,12404.745833333334
2022-05-07,13:00:00,3265.0720076143,3511.043333333333
2022-06-28,15:00:00,5454.098875296724,3911.9525
2023-05-02,10:00:00,6947.008297827094,1878.63
2022-10-18,07:00:00,1172.3807015296306,1662.8566666666666
2022-08-02,15:00:00,5510.701845170839,6040.335
2022-01-27,13:00:00,256.98408007740187,318.9791666666667
2022-01-26,13:00:00,471.9815949602048,167.97333333333333
2022-09-20,11:00:00,6023.871416417746,3655.2916666666665
2022-12-29,09:00:00,515.3201836668329,305.3225
2022-05-14,15:00:00,5217.25839262745,2595.5175
2022-10-08,13:00:00,1078.7880524290777,1149.381666666667
2022-09-16,05:00:00,535.4435198435157,1712.0858333333333
2023-06-22,09:00:00,3418.661137857966,3032.613333333333
2022-04-28,10:00:00,9153.573016071048,4611.826666666667
2023-05-06,11:00:00,13647.575677769342,15289.025
2022-06-02,04:00:00,2137.204138108872,1973.9116666666664
2022-04-08,05:00:00,1155.64693656362,1143.194166666667
2022-09-20,14:00:00,3275.6871261506776,1511.2441666666666
2022-10-11,07:00:00,1075.0458723949548,659.5716666666667
2022-07-05,09:00:00,12834.118297733072,14098.709166666667
2022-10-04,11:00:00,2959.772251235979,1155.355
2023-03-22,07:00:00,1918.942440915618,3080.744166666667
2023-06-03,08:00:00,11225.841950072114,14048.740833333335
2022-07-15,05:00:00,3707.339719348005,3400.963333333333
2023-02-02,09:00:00,875.0457820733309,2740.373333333333
2022-07-08,11:00:00,7692.225886471007,3545.0516666666667
2022-11-08,09:00:00,833.8779688669099,895.6641666666666
2022-07-15,07:00:00,7440.257144929491,12629.760833333334
2022-04-07,14:00:00,2405.95754040468,2450.561666666667
2022-02-05,12:00:00,613.7433587188028,686.4158333333334
2022-10-26,11:00:00,1309.770531164595,1692.66
2023-05-02,09:00:00,7562.502152690036,3189.6866666666665
2022-07-10,17:00:00,1715.9210522449646,1030.2966666666666
2023-06-22,11:00:00,5254.50485150322,5771.590833333333
2022-07-12,04:00:00,1863.927060264288,1775.295
2023-03-26,09:00:00,3147.0050263082667,2497.401666666666
2022-09-17,15:00:00,1661.9501970557678,1194.3341666666668
2023-05-06,10:00:00,14044.436979896418,8760.236666666666
2022-02-20,07:00:00,722.8503374744503,747.5091666666667
2023-03-24,16:00:00,70.09223968231994,2.44
2023-06-27,11:00:00,7433.950502950384,8299.978333333334
2022-02-15,08:00:00,1539.790298596501,955.3508333333332
2022-02-15,07:00:00,640.7279959818558,185.45666666666668
2022-10-13,14:00:00,1292.395322458236,451.5783333333333
2022-03-30,08:00:00,9002.00092581989,16617.268333333333
2022-06-29,14:00:00,8520.565998529431,7701.133333333334
2022-02-25,12:00:00,1488.845201649143,1584.128333333333
2023-05-02,15:00:00,2422.776605640503,1812.8066666666664
2023-02-11,07:00:00,273.6040426432648,200.3633333333333
2022-07-12,08:00:00,4468.455370403875,1922.7458333333327
2022-05-30,18:00:00,459.3287546052408,137.92083333333332
2022-05-14,04:00:00,1536.7517170346416,1872.6933333333327
2022-09-14,16:00:00,193.45928770102125,537.9341666666667
2022-04-08,13:00:00,4402.845301673205,3053.55
2023-02-10,06:00:00,374.2636415140244,198.38666666666668
2022-09-28,11:00:00,9533.178638207268,18204.071666666667
2023-05-16,15:00:00,1757.652558590766,1428.9516666666666
2023-03-26,14:00:00,1794.2264233229089,1124.4066666666663
2022-04-08,11:00:00,9022.3765857102,10778.183333333332
2023-03-15,09:00:00,11393.3461321792,17249.51166666667
2023-03-08,11:00:00,2278.12780574622,335.09083333333336
2022-03-30,07:00:00,6571.341933027336,4720.489166666667
2022-09-15,09:00:00,6744.033790095029,16944.915833333333
2022-07-23,16:00:00,2513.686953469791,1800.9141666666667
2022-09-16,09:00:00,6617.505143995994,14487.153333333334
2023-01-16,08:00:00,297.67866366337466,110.35083333333334
2023-01-14,13:00:00,97.90599740253612,3.230833333333333
2022-05-12,06:00:00,2772.1453498927217,4348.570000000001
2022-02-19,13:00:00,888.211625093073,618.9108333333334
2022-02-22,12:00:00,1848.8066870041507,1314.4375
2022-05-26,16:00:00,2108.583777876087,1634.4016666666666
2022-05-11,08:00:00,3092.096813603117,5589.768333333333
2022-02-19,09:00:00,953.5638499801466,343.7616666666667
2022-09-02,09:00:00,12729.78590917546,12499.698333333334
2023-03-24,15:00:00,677.9571897328574,298.8591666666667
2022-08-22,04:00:00,537.9246130434332,584.1750000000001
2023-01-28,14:00:00,110.10964291534944,4.16
2022-05-28,15:00:00,5678.754964814996,6705.894166666666
2022-05-31,11:00:00,9479.303752538512,8706.0025
2022-07-29,14:00:00,10216.608140824324,10636.869166666664
2022-09-20,09:00:00,8095.646758224737,8587.355833333333
2022-04-29,09:00:00,15928.87925425072,20568.066666666666
2022-05-20,15:00:00,1532.9928842177983,1949.0575
2022-02-17,10:00:00,1703.503849441993,1934.9291666666668
2022-02-21,14:00:00,246.47213458308917,351.63416666666666
2022-08-22,07:00:00,3317.3756018305157,4271.7025
2022-07-15,13:00:00,5739.794262623378,11997.386666666667
2023-06-03,09:00:00,13050.665517462,10612.416666666666
2022-04-09,07:00:00,5894.077062401243,11377.534166666666
2022-05-07,16:00:00,647.6866698127699,299.83166666666665
2022-03-29,13:00:00,10112.348471105472,6686.765833333334
2022-04-14,09:00:00,3223.7038683480137,3519.5741666666668
2022-01-31,08:00:00,497.55994605301686,133.38333333333333
2022-03-08,10:00:00,1118.53033958219,995.3041666666668
2022-05-03,10:00:00,19105.166173432917,17232.503333333334
2023-03-20,15:00:00,705.9022304612412,372.0183333333334
2023-02-18,11:00:00,2078.8247988462717,1392.9366666666667
2022-10-01,14:00:00,1366.7190866335234,3096.914166666667
2022-09-16,06:00:00,2222.1640066746127,2152.0958333333333
2022-06-02,08:00:00,1675.4597550584538,2474.851666666667
2023-05-16,13:00:00,3673.207299292559,1535.2541666666666
2022-08-06,05:00:00,1937.679278062804,1901.7725
2023-02-17,06:00:00,180.81530408380945,41.25083333333333
2023-02-18,14:00:00,266.5432015264811,805.0191666666666
2022-06-04,11:00:00,10847.427305902856,15374.513333333334
2022-07-10,09:00:00,12420.76583047558,12146.2425
2022-05-16,09:00:00,12029.267923017014,24264.4525
2022-02-17,08:00:00,806.9817380400174,1011.5333333333332
2023-02-18,15:00:00,120.32324188477834,25.155833333333334
2023-06-22,13:00:00,7557.293323462624,3968.9275
2022-05-26,07:00:00,9648.74380083591,8365.554166666667
2022-06-03,09:00:00,14062.358424930104,17490.215833333332
2022-07-10,10:00:00,9706.029122138843,16552.688333333335
2022-04-10,07:00:00,4972.556728591788,4692.034166666667
2022-10-01,10:00:00,8471.672876852474,13321.9125
2022-01-20,08:00:00,388.2162052419607,496.7658333333334
2022-09-16,08:00:00,5248.791228703856,7395.783333333333
2022-07-12,03:00:00,1088.690842297579,761.8025000000001
2022-06-28,09:00:00,12324.26361716049,13457.883333333331
2023-03-28,10:00:00,11888.297447600467,6611.134999999999
2022-06-02,05:00:00,1832.1601773218376,2297.623333333333
2022-07-27,08:00:00,11222.178165759608,17353.845
2022-09-20,10:00:00,6122.149912671419,4028.4975
2022-06-04,03:00:00,1184.7937126374889,377.0325
2022-02-16,10:00:00,5628.42351396832,1835.5741666666663
2022-07-08,06:00:00,4121.598730757568,1697.5075
2022-02-22,13:00:00,1364.9674925009183,1124.02
2022-10-11,10:00:00,2127.5049279966315,3536.236666666666
2022-02-20,09:00:00,1494.3070349031689,294.2083333333333
2022-09-22,11:00:00,5995.200518313319,8282.9825
2022-01-30,07:00:00,457.01715482758567,126.32916666666668
2022-07-17,05:00:00,2975.385050367144,6225.764166666667
2022-11-20,12:00:00,480.906133143423,17.334166666666665
2022-09-17,10:00:00,7664.630897368241,1909.475
2022-07-16,05:00:00,3822.183193507544,2798.161666666667
2022-05-28,10:00:00,8335.950485752493,7338.535833333334
2023-06-27,08:00:00,11130.420706185992,9903.18
2022-10-16,09:00:00,2479.222427426397,3240.625
2022-02-21,09:00:00,1079.2113719843326,553.9133333333333
2022-09-15,12:00:00,5482.099023538896,15160.261666666664
2022-09-19,11:00:00,7945.501443882455,5881.7
2022-08-03,05:00:00,3583.409230102031,2683.8791666666666
2022-09-25,09:00:00,10513.666728131537,11255.269166666669
2022-07-09,17:00:00,1170.3576989762423,1026.743333333333
2022-07-05,07:00:00,10440.798541121272,8926.473333333333
2022-07-28,08:00:00,4762.977262036778,1485.4916666666666
2022-11-19,08:00:00,400.6767267077207,36.43083333333333
2022-09-16,10:00:00,6433.266387362826,8162.883333333334
2022-02-21,13:00:00,1134.3792982354266,550.555
2023-03-11,12:00:00,1794.6794381613663,1856.935
2023-03-27,08:00:00,2792.208147491216,2001.9266666666665
2023-04-28,11:00:00,11122.072771416264,16192.186666666666
2022-05-27,16:00:00,2494.0856748171605,1062.6833333333332
2022-06-02,10:00:00,2601.72854867914,2414.6291666666666
2022-05-03,07:00:00,14805.797990584406,14973.144166666669
2022-06-01,12:00:00,9901.134171502115,13138.321666666665
2022-08-08,04:00:00,1135.9420139711583,2027.0316666666668
2022-05-26,17:00:00,1150.4343345584566,735.335
2023-04-30,12:00:00,6705.258038698497,7975.2825
2022-03-30,05:00:00,1032.481112035041,1526.111666666667
2022-10-08,10:00:00,3289.8738198105207,2181.88
2022-07-08,18:00:00,514.2343784179928,433.9708333333333
2022-06-02,09:00:00,2212.6301678734667,2047.7225
2022-06-19,06:00:00,10417.811063565538,12545.651666666668
2023-01-24,09:00:00,696.5749523060857,634.155
2023-03-22,11:00:00,2061.5454614706414,2097.068333333333
2023-04-25,12:00:00,14918.693594454226,8596.6975
2022-02-05,13:00:00,586.1165702707997,294.6166666666667
2022-03-26,07:00:00,9187.64598427876,14220.3
2023-06-02,16:00:00,1866.0162855850097,2950.456666666667
2022-05-01,11:00:00,16043.79171574518,2435.095
2022-06-18,10:00:00,3173.1391635162568,3927.144166666667
2022-07-16,14:00:00,12243.989298182823,11805.585833333333
2023-04-26,06:00:00,4805.726451066661,7836.043333333334
2022-04-09,09:00:00,6473.747664955398,8733.98
2022-04-14,10:00:00,3215.290409502093,3589.755833333333
2022-08-17,13:00:00,2441.2459617042746,6133.361666666667
2023-05-25,07:00:00,4308.17175225883,3810.5141666666655
2022-02-07,07:00:00,482.5434968005363,686.4633333333333
2022-10-12,07:00:00,3204.216958730554,8296.643333333333
2022-04-29,10:00:00,15567.49424225322,16384.3725
2022-06-28,14:00:00,7842.846103846237,9043.6
2022-02-22,07:00:00,1014.9641156381338,1281.3483333333334
2023-01-14,12:00:00,529.270422990064,251.91166666666663
2022-10-13,11:00:00,5827.211898526191,2308.9
2022-11-08,11:00:00,1287.5503243876133,825.3000000000001
2022-02-07,08:00:00,1075.6780491674028,1401.325833333333
2022-05-14,13:00:00,3486.850449005223,9453.758333333331
2023-06-02,11:00:00,13997.138171307295,16342.135833333334
2022-07-17,11:00:00,6073.357798856926,10375.446666666669
2022-07-09,13:00:00,5401.418437604538,4523.863333333334
2022-04-10,09:00:00,13745.957681383392,3381.616666666667
2023-02-19,12:00:00,1973.027923486808,1536.0516666666665
2022-10-04,09:00:00,2724.124937915802,2327.875
2023-05-02,11:00:00,4324.533358735761,1538.775
2022-09-30,10:00:00,8674.442198179273,6393.568333333334
2022-05-20,12:00:00,3610.790945066684,1152.9075
2022-05-11,05:00:00,1528.443241576949,157.4775
2023-05-16,06:00:00,2614.897444482675,1164.549166666667
2022-07-09,15:00:00,2448.368116696947,3851.549166666667
2022-06-15,12:00:00,13781.10215770185,20126.236666666668
2023-04-28,15:00:00,5214.295253006697,3853.4858333333336
2022-08-08,06:00:00,5414.249626739824,5408.1525
2022-08-24,16:00:00,926.3402898410146,588.4499999999999
2022-03-26,13:00:00,5800.122400606243,2509.6366666666668
2022-06-02,14:00:00,5912.883300576126,3006.6391666666664
2022-05-14,07:00:00,5700.602467681374,10356.668333333331
2022-06-28,16:00:00,2444.8231464475343,4509.78
2022-05-19,09:00:00,8030.647728630149,21087.266666666663
2022-02-17,12:00:00,1823.5161575330828,1958.9433333333327
2022-07-12,09:00:00,2842.9191299321405,3833.5325
2022-02-06,14:00:00,312.0203504766372,130.6325
2022-07-29,08:00:00,9075.015324766156,10300.443333333336
2023-06-03,19:00:00,383.63476926060673,3.210833333333333
2022-08-30,09:00:00,3303.357049234671,2143.5991666666664
2022-09-18,15:00:00,1282.6294480277163,2085.833333333333
2022-09-29,07:00:00,3118.4649882304534,3453.994166666667
2023-04-28,07:00:00,11231.004194554796,17892.869166666667
2022-07-11,14:00:00,8612.80810790185,9671.625833333334
2022-10-05,11:00:00,2727.5058991410133,5739.425833333334
2023-05-03,13:00:00,11325.555494833288,9663.11
2023-06-06,09:00:00,15414.436952940863,7897.7175
2023-02-19,10:00:00,1606.604228247774,1278.6791666666666
2022-07-19,05:00:00,4287.473524060525,4320.425
2022-04-05,06:00:00,1722.9240070993549,363.98
2022-02-24,09:00:00,2813.830619572482,5510.251666666667
2022-02-15,12:00:00,2884.748773540117,1087.0433333333333
2022-02-25,15:00:00,330.32370754035287,0.13
2023-05-16,05:00:00,2248.2023838646187,183.9258333333333
2022-02-19,15:00:00,323.1177956911078,11.603333333333332
2022-05-20,10:00:00,3998.855726475856,2756.5941666666663
2022-07-23,07:00:00,8473.959759847554,4587.640833333334
2022-10-06,13:00:00,5056.375627377866,1755.0958333333335
2022-07-05,06:00:00,9461.037846089148,11215.950833333334
2022-05-20,17:00:00,758.4214055369995,649.0408333333334
2023-02-19,14:00:00,490.3956903645378,438.915
2023-05-30,03:00:00,1514.6765031342063,795.1083333333332
2022-07-19,10:00:00,11879.68165363536,14255.722499999998
2023-04-27,09:00:00,6654.619827434446,20492.369166666667
2022-07-05,08:00:00,10473.9520678893,13706.770833333334
2022-10-14,13:00:00,973.5880666017677,402.0866666666666
2022-05-30,11:00:00,10723.49736233722,10208.294166666668
2023-02-18,08:00:00,1101.20457889802,406.4533333333333
2022-10-06,12:00:00,5766.17376327101,1511.1233333333332
2022-10-18,10:00:00,2140.661410787866,7412.920833333334
2022-09-01,13:00:00,8463.056504758573,8059.5275
2022-07-09,07:00:00,7955.798976404945,14486.075
2022-08-21,14:00:00,2822.325390316533,5575.155833333333
2022-04-05,08:00:00,2773.4953977166247,2454.358333333333
2022-05-30,16:00:00,1942.7070033338507,2296.534166666667
2022-05-14,05:00:00,3282.118969541036,4608.7725
2022-05-14,09:00:00,4934.538850783222,7532.459166666666
2022-06-02,03:00:00,847.555809843176,0.5916666666666667
2022-02-25,14:00:00,689.7649626680994,182.4283333333333
2022-05-26,15:00:00,5821.389432338806,3696.2375
2023-02-18,07:00:00,541.7839551294705,156.83083333333337
2022-04-28,13:00:00,3905.429526240722,4513.509166666667
2022-03-08,15:00:00,358.80027156629944,92.6475
2022-05-28,13:00:00,8214.88507434219,2172.520833333333
2022-09-19,06:00:00,2841.428911354953,5551.075833333333
2022-10-08,14:00:00,508.681926411065,56.095
2022-02-19,10:00:00,1998.1067516754997,1104.6425
2022-02-25,11:00:00,1861.5428745693669,2737.355
2022-07-24,11:00:00,5725.727659360256,6045.2375
2022-07-29,06:00:00,7730.797362897624,10010.475833333332
2022-05-20,11:00:00,4580.315070720026,2904.359166666667
2022-07-27,12:00:00,8667.886166538288,6974.326666666667
2022-09-07,08:00:00,10157.313637824564,6424.776666666668
2022-06-28,08:00:00,12074.39034937326,14954.097500000002
2022-12-29,13:00:00,332.8886261839127,12.765833333333331
2022-04-04,11:00:00,3034.8697226417503,1807.4191666666663
2022-07-26,16:00:00,1589.3292697455508,2901.710833333333
2023-02-18,12:00:00,1385.6013250299384,1455.97
2022-04-14,11:00:00,3719.449699277085,4834.036666666667
2022-04-10,10:00:00,14120.44515573078,13589.466666666667
2023-03-07,09:00:00,6262.381316314887,5259.165
2022-05-31,12:00:00,5530.992549224006,4724.534166666667
2022-03-29,15:00:00,1998.812006550648,2846.1558333333337
2022-10-25,08:00:00,1379.0292148298752,400.91833333333335
2023-04-30,14:00:00,5204.708781120107,4482.666666666667
2022-02-20,11:00:00,3478.4929836224783,2663.9858333333336
2022-06-16,08:00:00,15698.806608094425,14873.8575
2022-07-09,18:00:00,451.6833947530755,571.6125000000001
2022-07-09,06:00:00,5204.740125671143,11373.2175
2022-02-14,07:00:00,400.3848660693752,404.1091666666666
2022-07-10,02:00:00,752.0399618160919,15.903333333333334
2023-05-02,12:00:00,2621.9227946084884,2878.866666666667
2022-02-25,13:00:00,1220.112381313064,595.8000000000001
2022-05-28,14:00:00,6785.550511014786,4164.573333333333
2022-09-16,11:00:00,4763.0206794278165,6529.925
2022-06-12,14:00:00,11622.623449895164,11576.106666666668
2023-04-11,11:00:00,15838.821630142826,18290.26
2022-06-08,07:00:00,5152.785557868329,7743.853333333333
2022-08-07,14:00:00,8296.188904868197,3868.1175
2022-11-19,09:00:00,646.3472274395456,436.59
2022-08-21,12:00:00,5770.348697670012,7234.394166666666
2022-07-13,17:00:00,2288.875110382226,1561.4541666666669
2023-04-28,12:00:00,11122.133600111018,18370.374166666665
2022-08-19,10:00:00,11695.161591304091,13939.800833333336
2023-05-04,13:00:00,12392.63636058614,18121.12
2022-10-27,13:00:00,541.9333174391058,186.385
2022-04-28,15:00:00,2844.309484901117,3001.9933333333333
2022-08-08,05:00:00,1829.2741506032328,3753.179166666667
2023-06-29,14:00:00,8108.290741428649,9567.320833333331
2023-04-28,10:00:00,11549.218251742152,5879.7266666666665
2022-04-04,07:00:00,3189.2224030880343,6950.6825
2022-04-06,09:00:00,10837.064669230787,23365.84
2022-04-07,10:00:00,3992.603531409292,5968.5425
2022-09-18,05:00:00,1143.11455969336,1560.5916666666665
2022-05-20,08:00:00,5292.729319467065,1684.4775
2023-03-31,15:00:00,1237.6170205814535,1091.2175
2023-01-26,14:00:00,331.242996427422,2.0466666666666664
2022-09-25,12:00:00,5207.772965853609,14738.666666666666
2022-09-18,13:00:00,7151.930635511704,8188.804166666666
2022-08-06,06:00:00,3581.68082529182,529.1858333333333
2023-06-04,07:00:00,7319.9917303042575,12288.744166666664
2022-03-08,11:00:00,1379.7616844899187,891.8475
2022-04-04,09:00:00,4677.764091746111,5785.297500000001
2022-08-30,05:00:00,830.3141283151514,542.3683333333333
2022-12-04,12:00:00,361.7754134112224,4.413333333333333
2022-04-10,15:00:00,4081.969184874566,5975.135833333334
2023-03-28,09:00:00,10957.940600595728,9948.739166666666
2022-06-18,19:00:00,367.1033970946826,63.49333333333333
2022-02-20,10:00:00,3805.8976524054815,1955.628333333333
2022-05-31,06:00:00,2636.120968695828,2584.43
2022-05-14,10:00:00,5038.931484075221,4174.59
2022-09-18,14:00:00,7167.7318487951725,6934.2075
2022-09-15,10:00:00,6800.8746961656825,6863.0125
2022-05-12,05:00:00,1903.6681321005735,2386.9891666666667
2022-04-04,13:00:00,2159.839623551092,1716.1883333333333
2022-05-25,17:00:00,1025.5632282189697,1284.2075
2022-06-20,10:00:00,10394.784301294403,7795.204166666666
2022-07-09,14:00:00,3574.9663221902183,5013.680833333333
2022-05-12,10:00:00,5954.287353391355,7723.298333333333
2022-11-26,11:00:00,584.6256608664211,93.76666666666668
2023-06-02,12:00:00,10338.275248743534,13506.2575
2022-04-10,11:00:00,13897.649983513706,11817.941666666666
2022-07-11,11:00:00,12149.232491742714,14516.396666666667
2022-02-18,06:00:00,477.3438964019734,204.2225
2023-02-20,14:00:00,581.8516640444328,205.94333333333336
2022-09-14,13:00:00,1990.6532874516315,2834.7958333333336
2022-05-30,09:00:00,9733.623600106826,12817.105833333331
2022-05-31,10:00:00,6683.466454939462,7595.1175
2022-02-19,14:00:00,627.8972473599692,315.96750000000003
2022-05-27,17:00:00,896.3283028079533,840.4208333333332
2022-05-26,03:00:00,852.3582087998584,750.9074999999999
2022-01-30,08:00:00,636.2952825256336,772.6150000000001
2023-03-15,13:00:00,9071.8839310304,16663.926666666666
2022-05-29,10:00:00,8618.580112605929,5465.077499999999
2023-01-29,14:00:00,335.6362234748135,10.893333333333333
2022-06-04,06:00:00,7849.250332721508,4532.345833333334
2022-07-10,14:00:00,8472.508463805341,4697.8133333333335
2022-08-31,07:00:00,8922.268719503503,11265.363333333333
2022-07-07,14:00:00,5641.930050002981,2928.84
2022-07-13,16:00:00,2343.03511746388,4476.145833333333
2022-01-17,10:00:00,725.4996073727513,391.67083333333335
2022-04-05,16:00:00,708.8446439199846,601.6783333333333
2022-03-08,07:00:00,933.7251800032482,731.6875
2022-07-14,04:00:00,2356.513338981851,2004.5616666666665
2022-07-23,12:00:00,10379.034719671996,7601.830833333333
2022-07-28,05:00:00,3842.207878729768,3137.986666666666
2022-01-27,14:00:00,319.73132169918944,11.665
2022-07-17,08:00:00,6511.336132649766,5997.7625
2022-08-09,10:00:00,11370.531070965431,13109.909166666666
2023-03-27,07:00:00,1854.563123793206,974.5641666666668
2022-10-18,12:00:00,4174.258485764039,2704.389166666667
2023-04-05,16:00:00,797.3288688761045,196.28416666666664
2022-07-15,19:00:00,159.45325268301863,46.07666666666666
2022-10-10,13:00:00,2920.0499001177022,1922.684166666667
2022-04-25,10:00:00,8388.475188996998,11817.014166666666
2023-03-27,06:00:00,1180.9985517614389,448.6366666666667
2022-11-26,10:00:00,293.6669896141696,138.415
2022-07-17,06:00:00,3588.89349601359,7109.819166666667
2022-04-09,08:00:00,8142.173922998742,7041.558333333333
2022-09-29,10:00:00,3302.1147312601643,6882.333333333333
2022-09-16,07:00:00,4205.905812543072,4244.7425
2022-09-19,09:00:00,8287.557726499035,5518.525000000001
2022-06-02,07:00:00,2321.0605489177506,1456.4083333333335
2022-02-08,11:00:00,2311.6789705225065,1885.1358333333333
2022-05-11,07:00:00,2391.628214941893,2494.9208333333336
2023-03-11,10:00:00,2664.9520858995725,1841.3733333333328
2022-01-29,12:00:00,403.3089708215222,252.2925
2022-07-09,03:00:00,741.8881011857485,683.2808333333332
2022-02-17,13:00:00,798.0813225112794,1226.2358333333334
2022-06-20,11:00:00,8175.007430141885,8583.351666666667
2022-06-20,08:00:00,11221.32996861538,9441.285833333332
2023-03-27,09:00:00,4050.292867982481,2626.675
2023-06-22,12:00:00,5626.788541698032,5599.003333333333
2022-10-18,13:00:00,2017.5780825303475,1889.6933333333327
2022-05-27,09:00:00,7052.006508225224,3501.0533333333333
2022-04-04,12:00:00,2035.9233977857368,1730.4708333333335
2022-09-29,13:00:00,2646.5387058912825,653.2383333333333
2023-04-05,11:00:00,3207.5451553621974,5372.010833333333
2022-07-16,12:00:00,12508.897753529343,15815.4875
2022-04-29,11:00:00,13790.059054824753,16599.374166666665
2023-04-29,12:00:00,11599.31587813202,19475.610833333336
2022-08-22,11:00:00,7719.264522666236,8212.310833333333
2022-07-17,15:00:00,5442.974603101448,1650.0200000000002
2023-06-08,17:00:00,1880.104502329212,913.035
2022-04-10,13:00:00,7700.155493886055,18483.476666666666
2023-02-02,07:00:00,432.52256624461154,366.4983333333333
2022-11-02,13:00:00,981.3116482125208,365.6
2023-02-19,13:00:00,753.6660969311507,1025.3941666666667
2022-06-13,10:00:00,7062.896324216322,19668.71583333333
2022-01-31,10:00:00,240.23558250236303,233.50666666666663
2022-07-29,16:00:00,2961.7415661276964,2401.33
2022-02-17,07:00:00,447.2706601959716,273.02583333333337
2023-02-18,09:00:00,1496.4297833317985,838.2883333333333
2022-07-13,15:00:00,6332.575727949411,5380.139166666667
2022-08-17,10:00:00,5967.661769571701,3483.536666666667
2023-06-26,07:00:00,12772.748337093351,11022.780833333332
2023-01-16,10:00:00,826.9441847030951,778.3425000000001
2022-08-21,10:00:00,10064.64722664689,11193.881666666668
2022-02-06,08:00:00,574.2753339237081,704.4541666666668
2022-01-28,11:00:00,502.5903554963611,210.75083333333336
2022-05-12,08:00:00,4669.093833377165,3219.1525
2022-11-26,12:00:00,126.8547461163149,44.61166666666667
2022-11-20,11:00:00,308.3985431819711,148.4358333333333
2022-01-28,10:00:00,621.7686141290347,234.86166666666668
2023-06-03,11:00:00,14364.978613135709,16401.40166666667
2022-07-12,10:00:00,6570.292170689231,4297.1825
2022-06-17,08:00:00,14917.680884887586,17153.84
2023-06-26,12:00:00,7624.168870014443,11678.555
2022-01-27,10:00:00,1117.448515701286,995.73
2022-04-01,11:00:00,9151.494153456048,15014.45
2022-12-04,11:00:00,223.42579768150028,52.41833333333333
2022-08-08,11:00:00,6898.998529586289,5051.806666666666
2022-07-23,05:00:00,3338.291978700842,4944.399166666667
2022-05-25,15:00:00,2384.063746665768,7302.7
2022-02-21,08:00:00,415.70680322102106,733.02
2023-01-30,09:00:00,1291.7270460664415,1684.2391666666665
2022-10-27,11:00:00,2345.04591521511,1739.253333333333
2022-06-12,11:00:00,11898.591343254197,18341.560833333333
2022-05-26,12:00:00,14305.411994326898,9164.365833333331
2023-01-17,10:00:00,471.0389711307834,558.3216666666666
2023-03-11,15:00:00,583.3652766369236,158.16333333333333
2022-04-07,13:00:00,2891.197690633642,2823.403333333333
2022-05-31,04:00:00,2231.137011171852,428.7408333333333
2022-07-17,03:00:00,591.8807302826496,830.1708333333332
2022-04-04,16:00:00,405.29169697142834,168.30916666666667
2023-04-29,11:00:00,12597.63952201478,12226.993333333332
2022-10-01,15:00:00,206.48061755389028,477.87416666666667
2023-03-08,15:00:00,388.1429407256324,16.86916666666667
2022-09-21,11:00:00,8822.806219434862,5270.2925000000005
2022-05-13,13:00:00,13638.895572603322,18489.603333333333
2022-02-08,14:00:00,204.2513033937033,18.370833333333334
2023-02-16,07:00:00,630.2675733097232,342.90000000000003
2022-02-22,11:00:00,1933.4338500346933,1889.3475
2022-02-17,09:00:00,1313.6783774181013,1646.7291666666667
2023-03-22,13:00:00,1833.179001886748,860.3283333333334
2023-03-04,11:00:00,1880.879173002687,312.55
2022-04-07,05:00:00,462.2306763675957,269.3566666666666
2022-05-31,13:00:00,3738.222575472244,4989.4225
2022-10-04,05:00:00,438.6264750913917,215.34666666666664
2022-05-26,10:00:00,12071.762350525583,18340.14416666667
2022-07-13,18:00:00,535.4699085299229,233.9175
2022-11-19,10:00:00,1323.683845571918,108.9525
2022-06-05,09:00:00,15611.328115127488,15026.071666666669
2022-09-19,10:00:00,8452.371086516456,6067.02
2022-02-13,10:00:00,1987.7574485184969,2079.273333333333
2022-05-03,11:00:00,16885.99355047544,16112.079166666668
2022-07-15,03:00:00,1138.788380951639,1679.246666666667
2022-10-06,11:00:00,2034.2502628132663,3722.87
2022-02-16,12:00:00,1088.0959377947552,1190.0166666666669
2022-07-15,10:00:00,6740.992141251109,5548.183333333333
2022-07-28,06:00:00,4290.548497679424,5222.714166666667
2022-10-08,12:00:00,1441.6448213608055,3534.331666666667
2022-02-16,11:00:00,2947.652776865588,1439.9658333333334
2022-10-14,11:00:00,1820.242768783159,2008.5083333333328
2022-04-01,10:00:00,8819.971448304565,24702.90583333333
2022-04-05,10:00:00,5139.165111004641,5451.481666666667
2023-01-16,09:00:00,1166.156266055863,921.2483333333332
2022-03-26,15:00:00,1990.9887721956984,1238.345
2022-02-06,07:00:00,161.5455871268443,37.91166666666667
2022-06-05,11:00:00,14913.658291332697,16352.925833333333
2022-09-15,15:00:00,1019.0331582226304,3293.535
2022-07-28,04:00:00,1571.1240704654765,611.3249999999999
2023-03-30,04:00:00,539.044144507752,356.1025
2022-03-08,13:00:00,1472.3544680086682,545.9958333333333
2022-07-24,14:00:00,3128.471686136796,3248.295833333333
2022-02-24,08:00:00,3016.2858726674253,3666.536666666667
2023-05-26,10:00:00,11374.309945533996,19802.38333333333
2022-05-30,13:00:00,8611.217957761324,7496.668333333334
2022-01-30,12:00:00,776.0373014898574,1076.8583333333331
2022-09-20,08:00:00,5982.1293114051,6177.033333333333
2022-09-17,11:00:00,4127.9762119803,7362.176666666666
2022-09-19,12:00:00,7252.653005901291,4445.408333333334
2022-05-12,09:00:00,6581.195569344326,5742.5
2022-08-08,10:00:00,8209.397575569055,4106.485833333333
2022-04-01,08:00:00,10429.983952546385,19946.05833333333
2023-01-26,08:00:00,308.49663635000576,88.99416666666667
2022-07-15,04:00:00,2500.077190810006,3291.708333333333
2022-04-06,10:00:00,10161.597813442284,25112.85083333333
2022-04-25,09:00:00,8792.916444082424,9700.7275
2022-09-15,08:00:00,8025.624993637466,14012.233333333332
2022-02-24,06:00:00,188.97147697987697,544.0308333333334
2022-06-29,15:00:00,4562.097456447301,7211.431666666667
2023-02-19,07:00:00,536.0621457600807,27.625
2022-01-16,12:00:00,567.6664673323668,303.5083333333333
2022-07-16,06:00:00,8679.353118341909,7976.275000000001
2023-04-30,11:00:00,10299.762062913478,8819.780833333332
2022-10-16,14:00:00,456.01128275652906,243.47333333333333
2023-01-19,09:00:00,330.7304506874236,113.44416666666666
2023-02-19,11:00:00,1456.7637668768468,1895.33
2023-04-30,08:00:00,9998.842838304574,4713.54
2022-07-28,11:00:00,6595.787584096825,14496.07
2022-06-03,02:00:00,143.8597804471565,53.560833333333335
2022-05-26,11:00:00,11808.391807046984,14933.230833333337
2022-09-15,04:00:00,238.79843986251663,53.07083333333333
2022-09-15,11:00:00,6644.854194732648,10308.268333333332
2022-08-17,12:00:00,4028.019416307303,10719.4075
2023-01-26,10:00:00,1185.8751555577549,948.6541666666668
2022-07-17,09:00:00,6316.0340288700345,4840.995
2022-05-12,13:00:00,10542.050471632292,13277.813333333334
2023-06-02,13:00:00,11686.82117102841,8277.525
2022-06-03,03:00:00,413.95645401518135,1662.7691666666667
2022-02-14,08:00:00,1089.9251664011213,1834.2325
2022-10-21,12:00:00,2873.167823538083,447.1033333333333
2022-06-04,15:00:00,7877.21474050129,8121.854166666667
2023-04-05,12:00:00,3010.719157597141,2427.4841666666666
2022-01-30,14:00:00,208.3068206505192,45.77333333333333
2022-07-16,10:00:00,8238.034304174653,17048.829999999998
2022-05-27,13:00:00,6260.459738579842,9226.3075
2022-10-05,05:00:00,338.50992704035434,227.77166666666668
2022-07-14,08:00:00,9651.680150672995,18136.8775
2022-07-09,05:00:00,3459.267920932547,7877.705833333333
2023-01-26,12:00:00,630.0600989855066,824.1683333333334
2022-10-18,06:00:00,794.1315908427214,344.3416666666667
2023-05-26,07:00:00,14640.31808876833,17502.226666666666
2023-03-14,05:00:00,232.1184678164332,289.715
2022-08-22,09:00:00,7445.543960969117,12675.5175
2022-08-22,08:00:00,4691.639782758871,12662.214999999998
2022-03-08,14:00:00,1112.1487460187022,367.7633333333333
2022-11-08,07:00:00,222.69384827731537,245.66916666666663
2022-05-27,07:00:00,8269.739432459442,17596.155000000002
2022-01-20,11:00:00,1328.991927570665,719.9916666666667
2022-06-28,13:00:00,8439.783987848145,12234.0225
2022-07-26,11:00:00,6236.498045440064,4555.160833333333
2023-03-08,08:00:00,1899.6675446961187,265.6408333333333
2022-10-08,07:00:00,1899.4009951907865,4203.075833333333
2022-07-24,09:00:00,7552.917880500662,8554.931666666665
2022-07-17,16:00:00,2863.2533512669684,1504.2908333333332
2023-03-07,12:00:00,7218.422045392955,12359.4475
2023-05-16,14:00:00,2371.186752818292,1467.455
2023-04-05,15:00:00,1057.366313920564,613.6666666666666
2022-08-08,17:00:00,1029.0964202572302,808.0316666666668
2023-02-18,13:00:00,665.2900255487809,1146.585
2022-02-05,10:00:00,968.3305640914792,216.1233333333333
2022-04-08,12:00:00,6884.667405889004,5969.1641666666665
2023-03-11,13:00:00,1597.351778240166,1450.2933333333333
2023-03-31,14:00:00,2285.0065173652624,2249.9133333333334
2022-06-03,13:00:00,7722.783096137748,8214.340833333334
2022-09-29,11:00:00,2454.5301405024884,2593.2591666666667
2023-03-28,12:00:00,7081.667573597078,4649.448333333333
2023-06-06,07:00:00,12866.625782550193,9073.563333333334
2022-08-08,09:00:00,6839.591648596518,6391.513333333333
2022-07-27,14:00:00,5810.979873759688,9926.785
2023-01-17,13:00:00,147.29350385598428,48.126666666666665
2022-07-15,09:00:00,6893.91272430922,5015.4775
2023-04-28,14:00:00,5948.123721662088,3894.6175
2022-05-14,06:00:00,3783.183034417291,6579.212500000001
2022-11-20,09:00:00,444.3980072180211,16.12333333333333
2022-05-27,11:00:00,6974.018615354998,5769.1225
2022-06-04,04:00:00,2776.4026712862437,2767.4066666666663
2023-03-22,06:00:00,973.6837362664664,1399.915
2022-01-02,11:00:00,338.3627073412401,55.00666666666667
2023-04-11,15:00:00,4399.411844018204,3634.801666666666
2023-05-26,09:00:00,14670.44749038734,17831.673333333332
2023-01-14,10:00:00,596.5660919119629,168.3475
2023-03-22,14:00:00,1413.4874999976143,368.9741666666666
2022-06-15,11:00:00,16548.685521032392,20819.614166666663
2022-04-10,08:00:00,9002.454839076063,6304.595833333333
2022-07-16,11:00:00,9374.117197641266,15523.148333333333
2022-04-01,12:00:00,7962.294772080209,9308.48
2022-07-12,07:00:00,2945.2131552487285,4368.900000000001
2022-04-01,15:00:00,3601.296857129002,4155.4991666666665
2023-05-26,08:00:00,14401.425992490247,15490.988333333336
2023-05-17,13:00:00,5683.846277326362,3908.658333333333
2022-09-17,13:00:00,6650.761462174362,9817.800833333333
2022-05-14,11:00:00,8621.388365482919,9209.686666666666
2022-07-08,19:00:00,265.30405236747123,7.6191666666666675
2022-07-16,15:00:00,5888.156624248434,8673.896666666666
2022-05-30,14:00:00,6488.623239501852,8038.3675
2023-04-05,13:00:00,2896.670824704141,2042.200833333333
2023-01-26,11:00:00,785.4532233592467,1026.6091666666666
2022-01-28,12:00:00,540.6953465319955,131.52333333333334
2022-05-30,10:00:00,8729.477551149934,9216.978333333334
2022-04-05,12:00:00,4804.164019127132,3938.353333333333
2022-06-02,17:00:00,1309.6231277621364,798.6116666666667
2022-07-17,04:00:00,1742.1668896006238,1779.9075
2022-06-02,16:00:00,1787.8340689386123,1243.549166666667
2022-05-27,12:00:00,5916.801769449239,12260.036666666669
2023-03-04,08:00:00,920.0166620277588,71.66916666666667
2022-07-24,15:00:00,3166.681011580328,2140.3566666666666
2022-01-04,10:00:00,731.2293090064038,810.3933333333333
2022-06-02,06:00:00,3813.802849639125,2003.3041666666668
2022-08-02,13:00:00,8557.039876953459,13165.095
2023-06-25,16:00:00,2971.944013858708,2226.226666666667
2022-05-31,17:00:00,1016.2187631526084,450.72
2022-02-15,13:00:00,928.035899950737,741.1291666666666
2022-07-24,08:00:00,7500.09166291193,5596.0391666666665
2022-05-26,14:00:00,8490.958636900592,12461.719166666668
2022-04-04,15:00:00,969.6215574888388,688.8275
2022-02-17,11:00:00,1643.441591711712,1931.0166666666669
2023-05-16,10:00:00,3889.341688834244,3119.6125
2022-05-11,04:00:00,882.9546371865212,341.4258333333333
2022-02-19,11:00:00,1091.439273240691,1296.355
2023-06-22,08:00:00,4001.9338500410863,3933.29
2022-07-12,19:00:00,101.19255744030554,43.23833333333334
2022-07-01,13:00:00,8480.40593775652,4989.015
2023-03-06,15:00:00,436.0480140067253,343.7958333333333
2022-08-02,08:00:00,14162.255911470473,15207.988333333333
2022-01-30,09:00:00,890.7952321917622,1492.5533333333333
2022-02-17,14:00:00,828.7902287576667,201.905
2022-02-19,12:00:00,1409.7595462849818,801.3633333333333
2022-01-31,13:00:00,286.65646813046914,17.3775
2022-09-22,09:00:00,8326.668398920849,10440.931666666664
2022-07-19,06:00:00,6758.658271820964,10214.826666666666
2023-03-26,16:00:00,208.9534637639441,173.71333333333334
2022-06-05,10:00:00,14156.911553474729,17939.913333333334
2022-07-12,06:00:00,2410.133680862364,3696.370833333333
2022-09-01,08:00:00,9883.948869976788,14182.753333333332
2023-03-25,06:00:00,1274.8447873485245,1074.185
2022-10-06,09:00:00,1357.925749456252,1686.3658333333333
2022-04-29,12:00:00,14309.989518738728,19853.09
2023-05-25,09:00:00,6464.532908974574,6871.223333333334
2023-03-04,12:00:00,2927.0459576369994,282.29
2022-07-12,18:00:00,573.4586659181332,1193.611666666667
2023-03-27,10:00:00,4632.667164839573,4320.604166666667
2022-01-20,10:00:00,1450.7510021925946,2854.1441666666665
2023-03-15,05:00:00,335.49773246457045,305.445
2023-05-02,14:00:00,3409.58545671309,2437.043333333333
2023-01-13,12:00:00,516.8028806179094,188.1641666666667
2022-08-06,08:00:00,3977.026037205181,5678.1725
2022-06-20,13:00:00,8709.699146447134,4373.958333333333
2022-01-31,09:00:00,476.8690791504392,213.06833333333336
2022-02-21,11:00:00,1045.383561743833,815.6258333333334
2022-04-04,08:00:00,4256.006176082774,7201.075
2023-06-04,06:00:00,4425.447906633118,9373.248333333331
2022-10-05,06:00:00,895.2459986943818,769.62
2022-04-10,12:00:00,12114.10554304473,14204.379166666666
2022-07-14,07:00:00,9559.572440085509,8395.899166666666
2022-07-06,03:00:00,1015.8347492897066,1309.368333333333
2022-05-29,08:00:00,8275.927705539872,11086.62
2022-03-08,06:00:00,454.84960693581473,323.42833333333334
2022-09-25,10:00:00,8063.831432155191,15318.345
2023-05-30,08:00:00,15113.53158650448,14518.690833333334
2022-05-28,11:00:00,6676.270281166757,12963.266666666668
2023-06-22,10:00:00,3062.572198797804,5107.906666666667
2023-03-14,07:00:00,1620.5153966901903,2076.915833333333
2022-08-24,15:00:00,2786.574758897206,1197.04
2022-01-30,11:00:00,1026.3934300843307,1016.815
2022-07-14,03:00:00,1283.7032542697689,85.09583333333335
2022-08-06,04:00:00,1205.1909544442467,1658.0608333333332
2022-06-02,18:00:00,255.68947396735,168.60333333333332
2022-01-28,09:00:00,398.94895942161327,301.67
2023-06-04,04:00:00,1882.7654783044825,2113.5775
2022-05-27,15:00:00,2263.6139328450304,7044.7733333333335
2022-07-15,14:00:00,6325.749119644498,6297.873333333333
2022-04-08,09:00:00,5389.127309891385,8063.871666666667
2023-03-08,09:00:00,1783.5353817677656,314.8825
2022-04-14,06:00:00,4008.408985448478,1673.9933333333336
2022-02-15,09:00:00,3515.03043732296,3270.4933333333333
2023-03-08,12:00:00,784.901932649881,439.0741666666667
2022-01-29,13:00:00,198.3134619856077,71.30749999999999
2023-01-12,09:00:00,431.71511624512766,28.660833333333333
2023-02-08,10:00:00,2821.101858543356,929.2666666666668
2022-02-21,10:00:00,1096.9802513502116,699.3783333333334
2022-01-02,12:00:00,126.92926147261258,26.28833333333333
2022-01-04,09:00:00,205.86814062121425,407.795
2022-06-04,10:00:00,11196.354077764332,12347.336666666668
2023-04-28,16:00:00,2023.068549200279,1536.2425
2022-04-01,13:00:00,5360.2642124467775,4468.284166666666
2022-02-06,13:00:00,599.1950799439934,530.4208333333333
2022-12-27,08:00:00,539.3506867645544,81.64333333333333
2023-04-05,17:00:00,112.20794354265072,23.5075
2022-01-20,12:00:00,1508.089031172348,889.6158333333333
2023-03-26,15:00:00,539.0643293152664,856.3408333333333
2022-10-11,11:00:00,4007.305418066868,12424.198333333334
2022-06-03,14:00:00,7295.051228640423,4258.621666666667
2022-08-31,08:00:00,9060.668084510691,9047.203333333331
2023-06-06,08:00:00,12891.175441351408,11740.277499999998
2022-03-26,11:00:00,12982.540601436478,7393.305
2022-04-24,17:00:00,161.8769273649982,254.89916666666667
2023-03-22,10:00:00,2566.1773297312684,2734.7533333333336
2022-07-27,13:00:00,11416.416461446668,7020.406666666667
2023-03-30,07:00:00,4578.398641866639,6103.695
2022-05-26,18:00:00,397.59278532766206,132.80166666666668
2022-07-12,11:00:00,5549.121853571941,7568.804166666666
2023-03-08,14:00:00,682.9816810570987,141.8325
2022-01-16,13:00:00,292.8514580779281,59.6925
2022-10-14,09:00:00,2590.124609255361,2840.4075
2022-10-20,11:00:00,6094.065650867547,7560.142499999999
2022-01-27,12:00:00,864.4982817489978,620.7533333333333
2022-10-04,07:00:00,3450.844628210176,2081.7633333333333
2023-04-12,15:00:00,2551.2792548388256,2342.843333333333
2022-09-22,13:00:00,4949.774521637238,12355.078333333331
2022-06-02,15:00:00,2308.541489919213,1612.9016666666666
2022-07-26,15:00:00,2549.371764737038,1868.910833333333
2022-01-04,08:00:00,187.98906920460863,130.92916666666667
2022-04-14,08:00:00,4899.245092322695,2856.3175
2022-05-19,08:00:00,10601.593522365616,18360.096666666668
2022-02-22,15:00:00,83.38362575412606,41.69166666666667
2023-04-30,15:00:00,3227.812575008002,2317.6525
2022-10-11,08:00:00,1347.1864940673302,587.2383333333333
2022-06-13,11:00:00,13304.712776784729,20510.41083333333
2022-09-01,06:00:00,4387.630681649412,7453.006666666667
2022-09-07,09:00:00,6771.254036713029,5963.985833333333
2022-04-08,04:00:00,132.28075745957332,263.0216666666667
2022-04-05,05:00:00,736.0517644282276,59.69833333333333
2022-01-27,09:00:00,1000.6806505308178,593.1533333333333
2023-01-24,08:00:00,323.79581336311173,285.18416666666667
2022-05-01,10:00:00,11075.27279836581,12801.678333333335
2022-07-10,12:00:00,9899.411538471377,18763.4675
2022-10-05,10:00:00,3517.0388730970208,2810.4225
2022-08-07,16:00:00,2723.47521208215,1793.9691666666668
2022-07-27,10:00:00,11605.623446606049,7742.786666666667
2022-09-28,10:00:00,6241.81882547304,15897.746666666666
2022-07-16,08:00:00,11761.21389821025,11157.8175
2023-02-19,09:00:00,910.9324663103856,505.2625
2022-08-30,06:00:00,1450.9581624142045,1532.4
2022-07-26,09:00:00,8208.872936350645,10685.064166666669
2022-08-09,11:00:00,12560.192085571123,15150.88
2022-07-23,14:00:00,7202.440224360517,2555.9133333333334
2022-07-05,10:00:00,14352.138631127453,9728.12
2022-05-27,10:00:00,7598.203399409087,1381.235
2022-02-21,15:00:00,281.3831631195627,14.8375
2023-01-30,07:00:00,153.13383209621102,133.54916666666668
2023-05-16,08:00:00,2557.823580131447,2324.215
2022-01-26,12:00:00,526.8506770523139,709.7525
2023-04-28,09:00:00,14408.380805791476,14121.146666666667
2022-04-01,07:00:00,10656.693311926783,16887.1275
2023-06-02,08:00:00,15782.573216051176,16324.845833333336
2023-05-30,09:00:00,14638.588962295582,18208.796666666665
2023-03-26,12:00:00,2141.0803972243625,2228.2975
2022-08-08,16:00:00,1632.1071964368346,2487.8116666666665
2022-04-08,06:00:00,2155.7948350938887,1416.3658333333333
2022-03-31,10:00:00,9737.794120106735,9139.2125
2022-04-09,12:00:00,10241.060270837968,8361.843333333332
2023-03-22,09:00:00,2786.3527199654054,3687.696666666666
2022-04-24,15:00:00,2253.3491182010757,1067.7266666666667
2022-03-29,06:00:00,4333.405298786553,2754.19
2022-04-07,09:00:00,3766.4643505924414,4873.087500000001
2022-05-28,12:00:00,6884.629424123171,4788.1725
2022-07-06,05:00:00,5698.434363473869,2446.03
2023-04-29,07:00:00,7882.658254776764,17746.121666666666
2023-02-08,14:00:00,298.86842339329706,35.46333333333333
2022-02-08,13:00:00,256.2085290792956,254.2508333333333
2022-02-06,12:00:00,755.3886529128586,701.1141666666667
2023-03-11,14:00:00,1070.435424106246,519.1908333333333
2022-10-18,09:00:00,2420.1645447317105,8938.938333333334
2023-04-30,13:00:00,5860.915121784788,8387.975833333332
2022-08-22,06:00:00,4278.758968995813,3947.9025
2022-05-25,18:00:00,244.1545594690424,210.6891666666667
2022-09-02,12:00:00,9572.478151013502,10815.895
2023-04-05,07:00:00,4361.528345145919,2014.9466666666667
2022-03-30,06:00:00,5457.177083428998,2658.718333333333
2022-08-21,13:00:00,5473.038554748002,3256.195833333333
2022-06-18,13:00:00,1994.6346677400463,1111.04
2022-03-08,09:00:00,1041.9941851206054,993.4308333333332
2023-02-17,07:00:00,554.0188678780208,725.2725
2023-05-16,11:00:00,2519.3916379595644,4173.589166666667
2023-04-26,16:00:00,774.9836999162777,126.22833333333334
2022-09-15,14:00:00,2179.353509186996,3053.3625
2022-08-24,12:00:00,5345.268736082826,3014.1008333333334
2022-12-04,10:00:00,260.5788249979948,163.47583333333333
2022-07-26,13:00:00,3176.737865458861,2469.5375
2022-06-18,12:00:00,2765.7002173012515,2089.7625000000003
2022-09-18,12:00:00,8859.146239207552,8420.39
2022-02-15,14:00:00,304.0923294294335,301.2341666666667
2023-03-28,13:00:00,5853.989676960553,6995.175833333334
2022-03-26,12:00:00,12526.69968344446,4371.901666666667
2022-10-18,08:00:00,2014.0449793862244,8551.4025
2022-04-04,10:00:00,7230.7492056681085,2502.661666666667
2022-05-03,09:00:00,15662.872594911794,18214.084166666667
2023-04-30,09:00:00,6757.921753592025,9871.426666666666
2022-08-28,15:00:00,4113.720619807502,4108.435
2023-02-19,08:00:00,771.8570145760996,256.72166666666664
2022-04-05,07:00:00,3418.413156567754,1542.3733333333332
2022-08-30,11:00:00,6353.043907898674,5008.7475
2022-09-18,09:00:00,11246.789452071762,12118.113333333333
2022-10-13,13:00:00,2111.050396704017,771.125
2023-02-08,09:00:00,1484.9180703085165,655.64
2023-05-01,17:00:00,458.70118030820754,194.14416666666668
2022-09-29,04:00:00,578.6626992258048,51.9125
2022-06-03,16:00:00,2254.3299900465045,1557.0766666666666
2023-03-06,13:00:00,4196.017451327147,4625.0925
2022-10-04,06:00:00,1196.1030275898293,1217.940833333333
2022-08-30,07:00:00,1196.8868576596913,1913.7683333333327
2022-06-21,07:00:00,11976.351794580089,17921.125
2023-04-24,05:00:00,3212.587482690968,1302.925
2022-05-20,07:00:00,3579.2954267343134,2394.645833333333
2022-04-28,12:00:00,8426.52225595169,8810.301666666666
2023-03-04,15:00:00,119.55809234325706,5.301666666666667
2022-10-08,09:00:00,2891.3694094534294,3715.6041666666665
2022-07-19,13:00:00,11884.90727941443,10367.176666666666
2023-06-27,10:00:00,13340.44514822086,5914.572499999999
2022-07-16,04:00:00,2575.54599038424,3236.9125
2023-05-16,12:00:00,3819.609069141036,1801.5933333333328
2022-02-20,08:00:00,1004.5210657478216,1060.7175
2022-05-28,17:00:00,981.6772110470076,1278.3908333333334
2022-09-18,10:00:00,8875.126747620752,6629.55
2022-09-17,12:00:00,6263.62441562709,4823.224166666667
2022-02-16,13:00:00,499.50367757585417,783.9366666666666
2022-04-05,09:00:00,5220.714440469945,5530.291666666667
2022-07-19,14:00:00,12418.551020343511,13218.514166666668
2023-06-04,08:00:00,13322.421251866774,15778.304166666669
2022-01-04,11:00:00,845.7002104219997,951.1558333333332
2023-04-29,08:00:00,10203.762307447216,18233.568333333333
2022-05-12,12:00:00,6471.382642319541,11953.446666666665
2023-01-30,08:00:00,574.4307349825995,803.8466666666667
2023-05-26,11:00:00,14101.473510286622,21558.96416666667
2022-04-28,14:00:00,4323.814479559842,3504.918333333333
2022-07-28,09:00:00,3196.577177689378,5399.6475
2022-09-29,15:00:00,351.5091779383984,333.62083333333334
2022-07-28,12:00:00,7948.101241641371,5759.365833333333
2022-06-01,09:00:00,14524.70465591057,17190.3875
2022-07-28,13:00:00,7343.443406801696,9958.509166666669
2023-03-11,09:00:00,2196.217796621206,2722.02
2022-05-20,13:00:00,2560.3908825218687,1874.0
2022-02-15,11:00:00,2468.1071222311048,3629.9341666666655
2023-03-06,14:00:00,2023.217982888479,1567.7541666666666
2022-09-30,09:00:00,6306.901135914566,5628.2475
2022-09-01,10:00:00,12698.125004583051,12637.105
2022-07-26,12:00:00,4441.167036021739,4195.485
2022-10-14,12:00:00,1611.6011025527737,525.7791666666667
2022-05-20,09:00:00,3553.849464529499,3665.0458333333336
2022-04-28,11:00:00,6286.604303804811,5755.95
2023-04-05,10:00:00,4446.032564796325,4217.261666666666
2022-10-04,12:00:00,3383.582770296345,1451.7508333333333
2022-07-23,04:00:00,1737.4291831268092,222.80500000000004
2022-07-14,11:00:00,15044.02652596095,20532.373333333333
2022-03-26,14:00:00,4860.851784078017,2788.4733333333334
2022-07-15,12:00:00,6292.90432525664,6482.498333333333
2022-06-18,07:00:00,5624.928902907336,3202.6275
2022-08-03,04:00:00,1204.8922460807248,499.9216666666666
2023-03-13,16:00:00,67.62451124787957,15.764166666666668
2022-07-27,11:00:00,13622.734524879765,6277.025833333333
2022-10-28,09:00:00,3164.096162832173,902.6566666666668
2022-07-17,07:00:00,4932.913905793115,7935.258333333332
2022-09-01,11:00:00,12964.158939855562,10552.133333333331
2022-07-12,05:00:00,2027.2608522481823,2865.8441666666663
2022-08-02,14:00:00,6977.143121081183,9425.254166666668
2022-09-29,08:00:00,4390.134043541333,3947.4583333333335
2022-05-31,08:00:00,4348.242324526388,8896.19
2022-07-10,13:00:00,8148.824376456007,4096.9925
2022-09-17,08:00:00,6149.912098519534,7603.469166666667
2022-04-15,08:00:00,7383.020771073991,15382.3775
2022-05-14,03:00:00,796.884754348025,1868.338333333333
2023-06-22,14:00:00,6135.050755546132,3848.931666666667
2023-03-08,10:00:00,1707.0909800286868,325.5883333333333
2022-09-27,07:00:00,4969.144600360245,9362.3625
2022-09-01,09:00:00,12351.332310530675,15802.94
2022-07-27,09:00:00,9784.058524864931,2897.5641666666666
2022-09-17,06:00:00,3147.7224144640563,4030.6975
2022-07-05,11:00:00,15194.113088211205,11097.271666666667
2022-05-11,06:00:00,1821.16631859885,1225.440833333333
2022-05-08,12:00:00,14738.504772705232,23202.6525
2023-06-03,07:00:00,13669.794659039377,17098.178333333333
2023-03-22,08:00:00,2045.016169817342,2528.159166666667
2022-08-06,09:00:00,7041.926966761213,14019.395
2022-08-06,07:00:00,2804.7742587335665,833.4091666666667
2022-06-29,16:00:00,3841.5871526080855,2428.135
2022-02-06,11:00:00,671.0100826873071,726.8291666666668
2022-11-08,10:00:00,2849.1616977467056,758.7466666666666
2022-04-28,17:00:00,482.70302760946447,434.89
2022-07-19,08:00:00,9318.36666527883,5745.954166666666
2022-02-15,10:00:00,4416.794409688811,9846.483333333334
2022-07-16,13:00:00,13693.729273028215,15892.840833333334
2022-04-09,10:00:00,7661.263692437398,13847.446666666665
2022-04-01,09:00:00,13007.9649635375,10122.829166666666
2022-08-30,12:00:00,2875.527121912364,6199.410833333332
2023-03-26,13:00:00,2087.697393124149,1323.0808333333332
2022-05-27,14:00:00,5960.769128672327,10706.0175
2022-02-13,14:00:00,123.95140554463872,272.6608333333333
2023-06-06,06:00:00,8872.799521171324,8888.53
2023-05-04,14:00:00,9863.08920505189,11987.959166666667
2022-04-07,12:00:00,4243.479805243317,4446.778333333333
2022-04-05,14:00:00,1852.2673236118144,2030.8508333333327
2022-09-02,10:00:00,13256.57564995254,16486.758333333335
2022-07-28,14:00:00,5687.828790499008,6057.130833333334
2022-06-04,13:00:00,7499.341651045981,11787.694166666666
2022-11-10,13:00:00,433.8101698444318,1127.7108333333333
2022-09-02,13:00:00,7665.802488918628,14074.06
2022-04-14,12:00:00,3686.343936185956,3799.98
2022-10-26,10:00:00,2188.0469967154304,1756.3333333333333
2023-02-17,14:00:00,421.7553471426682,363.01
2022-05-26,08:00:00,10277.492830859526,12394.813333333334
2023-04-26,05:00:00,2878.8103017665853,4681.66
2022-02-25,06:00:00,149.55706620307248,451.4183333333333
2022-07-26,14:00:00,2912.895119647396,2421.5191666666665
2023-01-14,11:00:00,299.8993577938693,341.82666666666665
2022-10-20,10:00:00,6312.359764530408,6863.835
2022-05-20,16:00:00,1322.4289661848486,1457.3691666666666
2022-12-23,09:00:00,293.79014419292383,501.04333333333335
2022-07-27,07:00:00,11615.03247097333,11086.195
2023-03-26,11:00:00,2420.1920507336977,1153.59
2022-05-28,09:00:00,11471.334210902354,4338.0275
2022-05-20,18:00:00,2.030979474645149,72.70666666666666
2022-08-09,12:00:00,14879.80998856613,6937.8341666666665
2023-04-30,07:00:00,11415.515949130371,4674.4991666666665
2023-04-05,09:00:00,3070.7545784378344,4827.093333333333
2022-04-28,16:00:00,1361.6503166201474,1489.7783333333334
2022-07-01,12:00:00,6593.598631363283,9307.831666666669
2022-10-26,12:00:00,901.0404921194508,1555.455
2022-05-12,17:00:00,914.8078699656584,920.3883333333332
2023-01-26,13:00:00,182.2328838546644,249.9508333333333
2022-09-01,12:00:00,12163.413684402532,9042.250833333334
2022-07-15,08:00:00,7142.413971139898,8808.042500000001
2023-02-02,08:00:00,561.9879090820809,1383.8308333333334
2022-05-29,11:00:00,12485.61006930144,9629.194166666666
2022-02-21,07:00:00,613.5140979355675,757.8725
2022-09-14,10:00:00,3654.095945140221,2156.741666666667
2023-03-08,13:00:00,1263.3065603342866,514.0308333333334
2022-09-22,10:00:00,8850.458713767091,6780.4725
2022-06-18,08:00:00,3194.419128184486,3861.263333333333
2022-07-08,13:00:00,6001.349995523665,9654.7675
2022-07-06,04:00:00,2006.7948656151716,2476.0533333333333
2022-05-31,09:00:00,6388.54145685549,3247.376666666667
2023-06-27,09:00:00,10524.270446391964,8445.374166666666
2022-10-21,11:00:00,2818.4782122700426,2456.300833333333
2022-05-07,15:00:00,1886.4106565163167,1096.3966666666668
2023-05-04,12:00:00,14208.468517974929,13073.604166666666
2022-07-29,09:00:00,10194.239833527354,8937.805833333334
2022-04-07,06:00:00,1371.4203100639274,1497.8475
2023-04-30,10:00:00,7602.2330006546335,12296.718333333332
2022-05-15,11:00:00,16746.156095397415,25081.61333333333
2022-02-25,07:00:00,955.694248492887,773.4916666666667
2022-02-06,09:00:00,430.4171465168329,863.9775
2023-02-18,10:00:00,1785.4641958997709,1820.2558333333327
2023-03-08,07:00:00,724.3481034521145,116.73
2022-11-06,11:00:00,3992.8058466224593,2044.338333333333
2022-05-29,13:00:00,9771.966517699744,9844.139166666666
2022-05-30,15:00:00,4689.19836483353,4027.3866666666654
2022-07-17,13:00:00,5950.105697329554,4011.964166666666
2022-10-06,08:00:00,2249.6585595780093,946.1283333333334
2023-05-25,08:00:00,5705.58523032164,4173.360833333333
2023-04-05,08:00:00,2415.0322557043114,3336.539166666667
2022-09-29,09:00:00,4025.564493031825,6275.0225
2022-10-21,10:00:00,4130.193192654137,5727.990833333333
2022-05-26,04:00:00,1758.835745308844,1723.0199999999998
2022-09-20,12:00:00,7971.198773053401,7666.995
2022-08-17,11:00:00,4575.818933793927,10134.483333333334
2023-05-02,13:00:00,3438.8006488012006,2944.8508333333334
2022-04-14,07:00:00,5476.542001420621,2739.550833333333
2022-05-12,18:00:00,408.1198548107256,145.93083333333334
2023-03-07,07:00:00,1542.0550127482895,1604.5825000000002
2022-06-20,12:00:00,8585.765304021135,9380.591666666667
2022-02-22,10:00:00,1399.9323804327714,3719.285
2022-09-30,11:00:00,9773.67616330899,16260.549166666666
2022-07-18,04:00:00,1800.360935212198,2871.0766666666664
2022-10-14,14:00:00,293.6446931690423,63.76166666666666
2023-01-17,12:00:00,199.48252404043345,467.38166666666666
2022-08-21,11:00:00,6504.676369877672,9950.221666666666
2022-09-30,08:00:00,7813.021414610803,2799.5750000000003
2022-06-29,10:00:00,12274.740748024118,1530.9441666666664
2022-07-17,10:00:00,7395.023963273514,7109.8325
2023-03-30,05:00:00,533.7074435692703,1916.3766666666668
2023-03-11,11:00:00,2004.171308755892,1906.3575
2022-02-21,12:00:00,951.256902586491,783.1066666666667
2022-03-29,14:00:00,5930.708607093415,8921.213333333333
2022-07-14,09:00:00,11065.238266588743,17531.948333333334
2022-09-19,13:00:00,5635.765127244845,8199.286666666667
2022-03-30,15:00:00,2331.919000671784,5918.014999999999
2022-10-08,11:00:00,2899.212294294375,650.8225
2022-05-31,16:00:00,2245.764556672272,995.71
2022-05-31,05:00:00,2489.27258601928,1685.1016666666667
2022-09-02,07:00:00,7760.7629835240305,6656.325833333333
2022-07-15,02:00:00,261.4097816947857,329.8433333333333
2022-04-08,08:00:00,4672.346836709142,6263.194166666667
2022-07-08,10:00:00,5691.780249961034,9116.104166666666
2022-12-23,10:00:00,587.4361798728784,761.9166666666666
2022-12-04,09:00:00,251.49013593038788,245.28166666666667
2022-04-04,14:00:00,1229.3075969627498,1081.9383333333333
2022-07-08,07:00:00,2715.3229028537467,4040.7666666666655
2022-07-28,07:00:00,5308.058457045813,4936.605833333334
2022-09-15,05:00:00,761.7850784425729,567.2191666666666
2022-07-10,15:00:00,5121.604642646783,5010.958333333333
2022-07-01,11:00:00,7491.389872510394,13352.506666666666
2022-04-05,11:00:00,4912.099881157536,5437.645833333333
2022-06-04,12:00:00,11490.271221640263,15662.4375
2022-05-12,14:00:00,9409.67934167719,9847.296666666669
2022-06-21,08:00:00,13256.902266121726,14576.888333333334
2022-07-24,10:00:00,6237.03489946526,7292.406666666667
2022-04-29,13:00:00,12527.51676835797,17910.753333333334
2023-04-28,08:00:00,15746.667804333056,21909.6575
2022-06-01,07:00:00,13809.584575276667,19828.21083333333
2022-09-25,08:00:00,12328.899487314791,10459.560833333331
2022-05-01,09:00:00,10874.276463225264,22968.470833333336
2022-09-14,14:00:00,2000.2265380749493,558.7008333333333
2022-02-22,08:00:00,1168.6123575406468,2682.185
2022-08-30,08:00:00,2877.8903091398984,1210.0233333333333
2022-07-18,07:00:00,8646.627276690844,14547.1425
2022-08-24,14:00:00,2525.3667217721863,927.6275
2022-07-16,07:00:00,9665.969538017604,9695.710833333333
2022-05-04,08:00:00,15241.205066267958,14941.245833333334
2022-06-28,19:00:00,710.7519258890331,151.40666666666667
2022-05-26,13:00:00,10789.704624851933,8814.855833333333
2023-05-16,16:00:00,2248.192641782497,503.5858333333333
2022-08-08,08:00:00,8023.6851676000115,8044.21
2022-07-23,08:00:00,7039.992716852004,9878.088333333331
2022-07-18,06:00:00,6359.867677501925,7749.175833333334
2022-03-08,12:00:00,1267.4395394740434,714.9258333333333
2022-04-28,18:00:00,120.20758199876786,5.661666666666666
2023-04-24,06:00:00,3973.773253943032,4972.320833333333
2023-03-28,07:00:00,9815.442273613118,3858.3425
2022-09-14,15:00:00,947.7880496035624,1549.0541666666668
2023-05-16,07:00:00,2645.3310943190218,1724.47
2023-03-11,08:00:00,3042.1696496891823,2854.810833333333
2022-02-13,13:00:00,568.5465514778921,1140.3541666666667
2022-07-24,13:00:00,5397.512400178935,3064.4375
2022-07-24,07:00:00,4426.377144162629,5537.600833333334
2022-09-02,11:00:00,12271.226953441172,14454.520833333334
2022-07-08,12:00:00,6671.334958866851,7785.198333333334
2022-02-25,09:00:00,2335.022496954943,2449.6691666666666
2023-01-16,11:00:00,712.31491997446,271.93583333333333
2022-09-29,06:00:00,1876.6359769959836,1665.1525
2022-05-08,13:00:00,13831.753650172634,20144.93833333333
2022-06-03,12:00:00,13109.638620043765,6986.451666666667
2023-01-29,13:00:00,278.6700342445275,156.70583333333337
2022-05-20,14:00:00,1695.023919048242,1817.555833333333
2022-07-19,07:00:00,7880.269172839872,11870.706666666669
2022-06-14,12:00:00,7321.221530195397,12092.175833333333
2022-07-10,11:00:00,14834.490123761738,16276.815
2022-07-10,16:00:00,3356.49285743102,3253.784166666667
2022-04-07,07:00:00,1591.693074606751,3000.8325
2022-04-14,13:00:00,3082.793161696974,4024.835833333333
2022-11-02,12:00:00,611.7009003889632,952.2825
2022-07-15,11:00:00,5527.349738765506,7838.984166666666
2022-07-08,09:00:00,3947.989794084622,5594.724166666667
2022-07-08,08:00:00,3484.5867381278704,4996.0408333333335
2023-03-28,08:00:00,10824.908013286602,15878.813333333334
2022-02-25,08:00:00,1079.1535858323805,1274.0025
2022-07-15,06:00:00,5063.498164049552,7608.568333333334
2022-05-14,12:00:00,9650.614174901166,3047.726666666667
2023-04-05,14:00:00,2105.709199504776,1915.0116666666663
2022-09-15,13:00:00,7978.614847860967,4409.365
2022-07-13,06:00:00,7291.46791131007,10664.3375
2022-04-27,14:00:00,7550.098893260898,10558.978333333334
2022-07-09,04:00:00,1667.2280234256357,3211.8925
2022-05-31,15:00:00,2428.369146706889,1463.8066666666666
2022-10-06,14:00:00,1609.1182366691428,1466.8533333333332
2022-06-04,14:00:00,9761.872626495013,14104.040833333333
2022-05-27,08:00:00,7652.670080043425,11750.5925
2022-10-05,08:00:00,2916.804294663408,1811.6458333333333
2022-10-11,09:00:00,2560.8494717433327,801.7841666666667
2022-05-14,14:00:00,9196.16657470402,3840.2125
2023-01-26,09:00:00,790.727481123429,708.525
2023-01-16,13:00:00,173.7590544767898,197.85916666666665
2023-05-17,14:00:00,5052.432329295286,4891.906666666667
2022-02-19,07:00:00,252.4795702976047,0.29
2022-05-31,18:00:00,242.48307097037397,99.6725
2023-04-01,05:00:00,1070.7775554221382,634.8874999999999
2022-02-16,15:00:00,106.5305135449577,4.023333333333333
2022-04-09,13:00:00,9167.635081593366,8177.750833333333
2022-05-12,11:00:00,5500.346032921674,5413.1225
2023-03-04,14:00:00,606.9456360825093,132.86583333333334
2022-07-12,17:00:00,1134.1298378683607,2484.583333333333
2022-07-14,06:00:00,7844.827947106501,6259.7266666666665
2023-03-04,10:00:00,2270.2017551285653,253.76916666666668
2023-01-31,11:00:00,5620.271492625738,2373.4483333333333
2023-01-17,11:00:00,371.76124288796257,545.5708333333333
2022-07-23,13:00:00,5752.515929367099,3796.743333333333
2022-09-20,13:00:00,5453.346315845416,3942.159166666667
2022-05-29,12:00:00,12045.136741460105,10337.525
2022-04-03,12:00:00,11000.937230811169,18518.990833333333
2022-06-18,14:00:00,1540.9718333702544,956.1358333333332
2022-07-08,17:00:00,1158.3665983574426,541.8733333333333
2022-07-14,05:00:00,3773.3879081344494,4169.739166666667
2022-11-06,13:00:00,334.6397818490992,241.47416666666663
2022-05-03,08:00:00,16741.441364403236,19266.705833333333
2022-09-20,15:00:00,1309.9158234375286,1518.4816666666666
2022-04-06,08:00:00,9141.374302594122,17131.816666666666
2022-06-30,09:00:00,13502.092167295878,13445.315833333334
2022-06-01,10:00:00,15511.221112577065,20883.588333333333
2022-09-21,10:00:00,7379.613649871933,6395.6016666666665
2022-08-17,14:00:00,5050.503303778197,7472.008333333334
2022-06-04,05:00:00,4772.313386869466,3412.613333333333
2023-03-04,09:00:00,1733.2340756299802,286.79833333333335
2022-02-19,08:00:00,1338.2236176404797,229.2975
2022-10-01,11:00:00,8116.204546504457,10099.215833333334
2022-05-31,07:00:00,4567.87650690724,4386.909166666667
2022-11-08,08:00:00,693.37499436852,497.5875
2022-09-14,12:00:00,3439.446743037037,1850.1633333333327
2023-05-04,11:00:00,14150.82731589382,15195.1925
2022-10-14,10:00:00,2894.304516661987,2491.8675
2023-05-16,09:00:00,3575.5580304782,1865.7791666666665
2022-08-31,06:00:00,6395.363351915448,7939.555833333333
2023-03-14,06:00:00,1141.489001331764,1784.8808333333334
2022-05-29,09:00:00,10126.519137978468,4876.991666666667
2022-03-29,07:00:00,6327.120749146223,6216.894166666666
2022-01-27,11:00:00,706.2796632002861,915.2216666666668
2022-05-12,07:00:00,3667.4371159488537,3356.8741666666665
2023-04-28,13:00:00,10035.550310819352,10216.21
2023-02-17,08:00:00,1133.5499073428443,846.6583333333333
